Batch #,E,MersenneTwisterPRTG,batch size = 1
1,0.0,6.860902255639098
2,12.5,17.669172932330827
